Unit,Model,bias,sd,rms,n
BR_1.0-1.5,arima,-58353.3938867432,84527.01269985612,98269.18372291402,8
BR_1.0-1.5,croston,-45218.764982152454,77421.67132712176,85379.08115405316,8
BR_1.0-1.5,hybrid,-48647.02160644531,54844.136371575165,70699.55511690932,8
BR_1.0-1.5,mitra,-94780.20833333334,59717.55236333667,110016.82005241037,8
BR_1.0-1.5,naive,9396.875,191433.50647040232,179316.03451553071,8
BR_1.0-1.5,rf,-11862.938749999998,45582.73699181411,44258.24204024644,8
BR_1.0-1.5,sba,-54995.79548304484,76519.18427585192,90265.30279002257,8
BR_1.0-1.5,ses,-43716.100740852446,83269.5445914848,89320.69966361928,8
BR_1.0-1.5,tsb,-32304.357270538425,79281.25298877429,80891.27851442865,8
BR_1.0-1.5,xgb,-202515.28175067902,43117.00434951975,206492.4475583159,8
BR_1.7-2.2,arima,-13623.181523908192,34130.72673201761,34711.44290694435,8
BR_1.7-2.2,croston,-5969.192987737006,28434.538740103988,27259.656713117532,8
BR_1.7-2.2,hybrid,-139982.8557434082,39774.194090224,144842.80480288202,8
BR_1.7-2.2,mitra,-54158.333333333314,25889.541290148147,59326.30002058061,8
BR_1.7-2.2,naive,3159.375,202184.2379125234,189152.42386267483,8
BR_1.7-2.2,rf,-23134.775,39541.39500107885,43626.82079985946,8
BR_1.7-2.2,sba,-20369.79583835017,28208.739385988203,33334.59071331677,8
BR_1.7-2.2,ses,-19528.39033201446,32902.268148186115,36449.9296582691,8
BR_1.7-2.2,tsb,-6354.807496028501,32525.988274019408,31081.843612678804,8
BR_1.7-2.2,xgb,-266942.18437576294,19177.561603979084,267544.26981294877,8
BR_2.1-2.6,arima,7043.098318120625,77745.02873032137,73064.07146924127,8
BR_2.1-2.6,croston,-13320.177951138328,76857.30165948797,73116.97037439622,8
BR_2.1-2.6,hybrid,-86161.08740234375,77597.34173967165,112660.60534536811,8
BR_2.1-2.6,mitra,-100100.0,60932.51646288704,115189.77870100932,8
BR_2.1-2.6,naive,-37537.5,264839.7062375655,250562.6172361911,8
BR_2.1-2.6,rf,-21431.118749999994,81233.53739199336,78951.37426568924,8
BR_2.1-2.6,sba,-34863.85655358144,76044.73800137902,79217.6773155764,8
BR_2.1-2.6,ses,-43228.9701990114,83032.17314347274,88889.21711478112,8
BR_2.1-2.6,tsb,-9184.018859008924,76991.87531223403,72602.52377490331,8
BR_2.1-2.6,xgb,-368477.69776153564,35013.165510766354,369930.3924886956,8
BR_2.6-3.1,arima,36973.4381649372,10447.502706882504,38243.19094225092,8
BR_2.6-3.1,croston,43219.55354444168,9074.523037041696,44045.24271572285,8
BR_2.6-3.1,hybrid,16433.267417907715,10448.160064195581,19119.906397904706,8
BR_2.6-3.1,mitra,23982.29166666667,8847.673599596676,25370.18872011883,8
BR_2.6-3.1,naive,3128.125,60471.946620933246,56652.75327047221,8
BR_2.6-3.1,rf,38081.57000000001,17773.88683064488,41552.715255442694,8
BR_2.6-3.1,sba,39650.919617219595,9010.651801981514,40536.87570164594,8
BR_2.6-3.1,ses,26982.26616722098,11409.700914173118,29016.3971419744,8
BR_2.6-3.1,tsb,29976.409596609683,14862.21224573674,33043.30213577896,8
BR_2.6-3.1,xgb,-18403.12511408329,10029.972443681183,20656.72572754408,8
BR_3.1-3.6,arima,28243.990949584942,17460.66028237789,32626.49766784306,8
BR_3.1-3.6,croston,41774.416424332405,13376.42515771684,43608.078653427656,8
BR_3.1-3.6,hybrid,10524.994285583496,7126.300434636191,12458.396480312955,8
BR_3.1-3.6,mitra,8341.666666666664,13376.42515771684,15038.15344474772,8
BR_3.1-3.6,naive,-12512.5,13376.42515771684,17695.34719919335,8
BR_3.1-3.6,rf,39375.69500000001,7003.333727791974,39916.928797478904,8
BR_3.1-3.6,sba,39060.07060311578,13376.42515771684,41015.26266855291,8
BR_3.1-3.6,ses,-2163.006455792016,20781.165235251796,19558.97036900923,8
BR_3.1-3.6,tsb,13549.505659053048,19451.840488665974,22686.261033975,8
BR_3.1-3.6,xgb,-12422.807968582958,13325.713793115703,17598.408306103083,8
BR_3.5,arima,-3530.576133563994,16415.416549750487,15755.876071294355,8
BR_3.5,croston,-4006.670603869331,13041.350118416887,12840.195505721525,8
BR_3.5,hybrid,-7100.576461791992,26781.33563949336,26038.493281976822,8
BR_3.5,mitra,-13555.208333333336,12951.66796690681,18180.241010350892,8
BR_3.5,naive,-3128.125,64758.339834534054,60656.59421592182,8
BR_3.5,rf,4589.738749999999,20307.451034981113,19542.497240351284,8
BR_3.5,sba,-5526.805823675866,13036.2456644928,13388.290443872918,8
BR_3.5,ses,-4951.214909944547,15181.343692845381,15039.234550492138,8
BR_3.5,tsb,-4677.571091518693,18160.56431409895,17619.87529742819,8
BR_3.5,xgb,-31982.977947711945,12749.736936012436,34134.252538310524,8
ST_A3.50in,arima,-2786.746761033679,2327.857773330196,3536.5963999838586,8
ST_A3.50in,croston,-1290.9440167152854,2194.6871287644058,2425.099296588003,8
ST_A3.50in,hybrid,-1317.0296068191528,1623.1101980972178,2009.9111574916694,8
ST_A3.50in,mitra,-1923.333333333333,2099.877547450259,2749.0927796476985,8
ST_A3.50in,naive,-90.0,12015.718277085465,11240.035587132275,8
ST_A3.50in,rf,3202.2225,1836.027557478762,3633.7104290724656,8
ST_A3.50in,sba,-1530.896815879522,2189.880102819436,2557.2980013099695,8
ST_A3.50in,ses,-2668.286067553539,2654.8082489904145,3645.1003446193954,8
ST_A3.50in,tsb,2242.4774643817063,3292.71068171176,3809.9089040994395,8
ST_A3.50in,xgb,-5663.06901637651,2044.8858721919034,5977.391917529534,8
ST_A4-6cm,arima,2832.1248724936495,3826.604196665115,4564.369453888495,8
ST_A4-6cm,croston,5559.980637211757,3359.2032235386273,6386.477917919463,8
ST_A4-6cm,hybrid,675.7448928356171,4195.168561215246,3981.976960013219,8
ST_A4-6cm,mitra,1250.0,3535.5339059327375,3535.5339059327375,8
ST_A4-6cm,naive,5000.0,18516.40199545103,18027.756377319947,8
ST_A4-6cm,rf,1731.1675000000002,3430.6698622728395,3646.265165066167,8
ST_A4-6cm,sba,5219.481605351169,3368.019757658332,6096.605668778242,8
ST_A4-6cm,ses,2451.6502101924934,4178.435513395747,4613.837521553271,8
ST_A4-6cm,tsb,3269.393832553914,4759.980409603421,5523.96350862982,8
ST_A4-6cm,xgb,-1230.105589398585,3532.610678900875,3525.9864851795137,8
ST_Reg3-4cm,arima,831.8461928908544,947.1975147699715,1215.32025783952,8
ST_Reg3-4cm,croston,6506.8493150684935,0.0,6506.8493150684935,8
ST_Reg3-4cm,hybrid,1069.8792259693146,1070.9306768813246,1465.6645279566894,8
ST_Reg3-4cm,mitra,0.0,0.0,0.0,8
ST_Reg3-4cm,naive,0.0,0.0,0.0,8
ST_Reg3-4cm,rf,739.2199999999999,708.8193122167514,993.0095284537807,8
ST_Reg3-4cm,sba,6181.506849315068,0.0,6181.506849315068,8
ST_Reg3-4cm,ses,892.3083116097484,111.94023773303878,898.431083995096,8
ST_Reg3-4cm,tsb,295.1115146510126,75.67555875420834,303.4826971975194,8
ST_Reg3-4cm,xgb,1.5263287328489241,1.2607708329246752,1.9288674415909415,8
ST_Reg3.50in,arima,-5827.761719772549,16547.11893256448,16539.16740679004,8
ST_Reg3.50in,croston,-24492.003743205256,13535.038934664475,27570.924294439297,8
ST_Reg3.50in,hybrid,-18077.7092628479,11266.912717598178,20925.558035684146,8
ST_Reg3.50in,mitra,-7215.0,12349.166542148272,13619.669599516723,8
ST_Reg3.50in,naive,3135.0,53702.66473835353,50331.9719462689,8
ST_Reg3.50in,rf,-11081.720000000001,12349.080304616093,16007.555387442048,8
ST_Reg3.50in,sba,-25128.153556044992,13474.228988979346,28112.000855999144,8
ST_Reg3.50in,ses,-7341.496087659943,16687.414439262433,17249.888126865273,8
ST_Reg3.50in,tsb,-10223.052222466975,16263.372575944015,18328.82765875272,8
ST_Reg3.50in,xgb,-27734.10824112408,10692.171524223462,29482.418071553675,8
ST_Reg4.00in,arima,-1669.9141969759776,4719.21940853365,4719.720995239817,8
ST_Reg4.00in,croston,10264.158670604622,4429.122951275661,11068.78232093193,8
ST_Reg4.00in,hybrid,-4632.963205337524,3773.707591405243,5824.526454937106,8
ST_Reg4.00in,mitra,-3118.333333333334,3413.716031373603,4463.269852672789,8
ST_Reg4.00in,naive,1440.0,20133.451907566316,18888.09148643663,8
ST_Reg4.00in,rf,43.13249999999982,4254.722569756206,3980.1622504553757,8
ST_Reg4.00in,sba,9324.200737074387,4363.101817486673,10178.300185752758,8
ST_Reg4.00in,ses,-2152.2693196689465,6388.366193923248,6351.541783188706,8
ST_Reg4.00in,tsb,7040.74220829654,4376.081571654629,8144.223690766468,8
ST_Reg4.00in,xgb,-7250.133732530754,3137.6362533180823,7821.675347420734,8
ST_Reg6.00in,arima,-1401.7375417563396,1128.0494396222707,1754.5089717417263,8
ST_Reg6.00in,croston,-1385.5805165401628,1174.710157072795,1768.4129401258197,8
ST_Reg6.00in,hybrid,-957.9439754486084,2239.316151121636,2303.3402661544,8
ST_Reg6.00in,mitra,-1013.3333333333335,1086.64621657649,1435.2854923130953,8
ST_Reg6.00in,naive,420.0,5909.140619171527,5543.4285419765265,8
ST_Reg6.00in,rf,420.23125000000005,2825.9529485792805,2676.6309257371477,8
ST_Reg6.00in,sba,-1475.3014907131546,1170.2911166082763,1837.0895797187384,8
ST_Reg6.00in,ses,-1438.0666352116364,1335.8747185253746,1905.1316891371998,8
ST_Reg6.00in,tsb,-1337.1692535337752,1465.8625938227974,1915.2494912070492,8
ST_Reg6.00in,xgb,-2819.2064058847027,1011.6472449562152,2973.7898612175686,8
ST_VA10cm,arima,161.57588612790002,8.5346265909816,161.77299480346733,8
ST_VA10cm,croston,7500.0,0.0,7500.0,8
ST_VA10cm,hybrid,805.1151353120804,1254.9999135227715,1423.5016916684656,8
ST_VA10cm,mitra,833.3333333333333,0.0,833.3333333333333,8
ST_VA10cm,naive,0.0,0.0,0.0,8
ST_VA10cm,rf,268.795,260.0390480018612,362.5169240187277,8
ST_VA10cm,sba,7125.0,0.0,7125.0,8
ST_VA10cm,ses,179.48108413233024,22.515934195560256,180.71263359939186,8
ST_VA10cm,tsb,167.5550853025321,42.96621471165846,172.30798085566465,8
ST_VA10cm,xgb,0.6603486692547449,0.744240016815685,0.9595399508554071,8
ST_VA7cm,arima,-24524.437016931133,10793.985313104837,26521.58300459278,8
ST_VA7cm,croston,-18976.91022267926,12447.97837096003,22264.46196145398,8
ST_VA7cm,hybrid,-37744.970546245575,11355.050990770449,39211.004025204056,8
ST_VA7cm,mitra,-20916.666666666664,10278.271116430873,23020.522245258566,8
ST_VA7cm,naive,-13000.0,40693.97989875161,40224.37072223753,8
ST_VA7cm,rf,-27612.45625,13501.261518753334,30363.568547376188,8
ST_VA7cm,sba,-20115.564711545296,12320.147510825565,23182.94036607102,8
ST_VA7cm,ses,-26974.726829305888,12538.622883844972,29414.296156138866,8
ST_VA7cm,tsb,-29208.65625022707,12588.800698569414,31493.074875179984,8
ST_VA7cm,xgb,-41384.104440223426,10151.584447405627,42459.59177574635,8
ST_VA7cmbox,arima,1693.589627010605,87.60319131098926,1695.5709522030643,8
ST_VA7cmbox,croston,80000.0,0.0,80000.0,8
ST_VA7cmbox,hybrid,1621.4853172302246,1785.1474411496686,2327.5785910052555,8
ST_VA7cmbox,mitra,1666.6666666666665,0.0,1666.6666666666665,8
ST_VA7cmbox,naive,0.0,0.0,0.0,8
ST_VA7cmbox,rf,1545.205,1764.1312727879895,2260.70735527622,8
ST_VA7cmbox,sba,76000.0,0.0,76000.0,8
ST_VA7cmbox,ses,1914.464897411522,240.16996475264273,1927.6014250601793,8
ST_VA7cmbox,tsb,1787.2542432270088,458.30629025769025,1837.9517957937564,8
ST_VA7cmbox,xgb,1.2993051513194587,2.2302828097235827,2.4577601817865053,8
ST_VA7cmrej,arima,1062.1847748477578,55.04434605552768,1063.4320104957242,8
ST_VA7cmrej,croston,50000.0,0.0,50000.0,8
ST_VA7cmrej,hybrid,1327.0103914737701,1597.6767421508644,1998.613564433591,8
ST_VA7cmrej,mitra,1666.6666666666665,0.0,1666.6666666666665,8
ST_VA7cmrej,naive,0.0,0.0,0.0,8
ST_VA7cmrej,rf,798.6550000000001,1106.2083953371018,1307.1284161091442,8
ST_VA7cmrej,sba,47500.0,0.0,47500.0,8
ST_VA7cmrej,ses,1196.5405608822016,150.1062279704018,1204.7508906626124,8
ST_VA7cmrej,tsb,1117.0339020168806,286.4414314110564,1148.7198723710978,8
ST_VA7cmrej,xgb,1.7887944942549439,2.7313399386528197,3.11889024664171,8
